{
  "camera": "FLIR A655sc + FOL18 (45 deg HFOV)",
  "standoffs_mm": [
    300,
    500,
    700
  ],
  "per_standoff": [
    {
      "d_mm": 300,
      "sigma_x_mm": 48.06346960659813,
      "sigma_y_mm": 45.217878826899494,
      "fwhm_x_mm": 113.18947092353862,
      "fwhm_y_mm": 106.4881046373483,
      "peak_dT_K": 39.93364715576172,
      "centroid_px": [
        549.6066659635538,
        360.00889187317057
      ],
      "theta_deg": 89.99999999996764
    },
    {
      "d_mm": 500,
      "sigma_x_mm": 71.03783452655122,
      "sigma_y_mm": 68.72727857713866,
      "fwhm_x_mm": 167.2941003100281,
      "fwhm_y_mm": 161.85274104916155,
      "peak_dT_K": 17.73422622680664,
      "centroid_px": [
        363.01291542396456,
        318.0646049224815
      ],
      "theta_deg": 117.09935506092545
    },
    {
      "d_mm": 700,
      "sigma_x_mm": 99.69433054717258,
      "sigma_y_mm": 98.17211222593085,
      "fwhm_x_mm": 234.78014843859145,
      "fwhm_y_mm": 231.19532429206714,
      "peak_dT_K": 5.452052116394043,
      "centroid_px": [
        284.3215316497208,
        297.16154975667723
      ],
      "theta_deg": -7.592231944793994
    }
  ],
  "consensus": {
    "sigma_x_mm": 72.93187822677397,
    "sigma_y_mm": 70.705756543323,
    "fwhm_x_mm": 171.7545732240527,
    "fwhm_y_mm": 166.51205665952568,
    "aspect_x_over_y": 1.0314843061199264
  },
  "linear_fit": {
    "sigma_x": {
      "slope_mm_per_mm": 0.1290771523514361,
      "intercept_mm": 8.393302051055965,
      "half_div_deg": 7.354909473715146
    },
    "sigma_y": {
      "slope_mm_per_mm": 0.1323855834975783,
      "intercept_mm": 4.51296479453387,
      "half_div_deg": 7.5412832009255055
    }
  },
  "specimen_footprint_mm": [
    320.0,
    175.0
  ]
}