{
  "per_standoff": [
    {
      "standoff_mm": 300,
      "mm_per_px": 0.3883252147247766,
      "peak_dT_K": 2.303985595703125,
      "fit_peak_dT_K": 1.3923589035305528,
      "centroid_px": [
        299.06092409412787,
        3.92257043470003e-19
      ],
      "sigma_x_mm": 111.94763807727483,
      "sigma_y_mm": 91.93713764311352,
      "fwhm_x_mm": 263.63668767198226,
      "fwhm_y_mm": 216.51195914953232,
      "theta_deg": 13.45358043454774,
      "aspect_ratio": 1.2176541596480754
    },
    {
      "standoff_mm": 400,
      "mm_per_px": 0.5177669529663688,
      "peak_dT_K": 1.456024169921875,
      "fit_peak_dT_K": 0.8987387875351742,
      "centroid_px": [
        363.5192084115692,
        2.1420890490984758e-17
      ],
      "sigma_x_mm": 119.55486300472369,
      "sigma_y_mm": 103.26797212640498,
      "fwhm_x_mm": 281.5517023761243,
      "fwhm_y_mm": 243.19607435768376,
      "theta_deg": 11.102658671318661,
      "aspect_ratio": 1.1577148320331376
    },
    {
      "standoff_mm": 500,
      "mm_per_px": 0.647208691207961,
      "peak_dT_K": 1.912017822265625,
      "fit_peak_dT_K": 0.852015644224872,
      "centroid_px": [
        238.94767549388416,
        4.544069021670537e-12
      ],
      "sigma_x_mm": 141.73495896706308,
      "sigma_y_mm": 117.08817806922205,
      "fwhm_x_mm": 333.7858283674335,
      "fwhm_y_mm": 275.7426593530179,
      "theta_deg": 6.601274437202381,
      "aspect_ratio": 1.2104976036374053
    }
  ],
  "cross_standoff": {
    "sigma_x_vs_d": {
      "slope_mm_per_mm": 0.14893660444894127,
      "intercept_mm": 64.83784490344405
    },
    "sigma_y_vs_d": {
      "slope_mm_per_mm": 0.1257552021305426,
      "intercept_mm": 53.79568176069648
    },
    "mean_aspect_x_over_y": 1.1952888651062061,
    "peak_dT_d2_mean": 306109.0087890625,
    "peak_dT_d2_std_over_mean": 0.39854136633107645
  }
}