{
  "camera": "FLIR A655sc + FOL18 (45 deg HFOV)",
  "standoffs_mm": [
    300,
    400,
    500
  ],
  "per_standoff": [
    {
      "d_mm": 300,
      "sigma_x_mm": 179.71110887454003,
      "sigma_y_mm": 135.0948167311054,
      "fwhm_x_mm": 423.2196613995418,
      "fwhm_y_mm": 318.1482934017532,
      "peak_dT_K": 2.31005597114563,
      "centroid_px": [
        287.4913805569238,
        -287.9999999999996
      ],
      "theta_deg": 78.78699600340225
    },
    {
      "d_mm": 400,
      "sigma_x_mm": 197.1107680200599,
      "sigma_y_mm": 139.98905377926081,
      "fwhm_x_mm": 464.195858687241,
      "fwhm_y_mm": 329.6742216501592,
      "peak_dT_K": 1.475953221321106,
      "centroid_px": [
        369.31529715091983,
        -287.9999999998611
      ],
      "theta_deg": 86.26672658593641
    },
    {
      "d_mm": 500,
      "sigma_x_mm": 162.61515758530325,
      "sigma_y_mm": 153.85320595958828,
      "fwhm_x_mm": 382.9586961133891,
      "fwhm_y_mm": 362.3243000348304,
      "peak_dT_K": 1.8639284372329712,
      "centroid_px": [
        243.59540156675496,
        -91.49505511174135
      ],
      "theta_deg": 57.664165082416005
    }
  ],
  "consensus": {
    "sigma_x_mm": 179.81234482663442,
    "sigma_y_mm": 142.97902548998482,
    "fwhm_x_mm": 423.45807206672407,
    "fwhm_y_mm": 336.71560502891424,
    "aspect_x_over_y": 1.2576134451219185
  },
  "linear_fit": {
    "sigma_x": {
      "slope_mm_per_mm": -0.08547975644618364,
      "intercept_mm": 214.00424740510778,
      "half_div_deg": -4.885752655315265
    },
    "sigma_y": {
      "slope_mm_per_mm": 0.09379194614241454,
      "intercept_mm": 105.46224703301898,
      "half_div_deg": 5.3582074314501265
    }
  },
  "specimen_footprint_mm": [
    320.0,
    175.0
  ]
}