{
  "camera": "FLIR A655sc + FOL18 (45 deg HFOV)",
  "standoffs_mm": [
    300,
    500,
    700
  ],
  "per_standoff": [
    {
      "d_mm": 300,
      "mm_per_px": 0.3883252147247766,
      "sigma_x_mm": 90.37053682439826,
      "sigma_y_mm": 83.42209474328867,
      "fwhm_x_mm": 212.8226142214579,
      "fwhm_y_mm": 196.45903312044481,
      "peak_dT_K": 7.864013671875,
      "peak_dT_above_bg_K": 5.354948917495282,
      "theta_deg": 59.89561248162738,
      "centroid_px": [
        271.82903458874785,
        48.00000000008036
      ]
    },
    {
      "d_mm": 500,
      "mm_per_px": 0.647208691207961,
      "sigma_x_mm": 151.73609354895558,
      "sigma_y_mm": 141.60622446123116,
      "fwhm_x_mm": 357.3385003077904,
      "fwhm_y_mm": 333.4826586061994,
      "peak_dT_K": 2.735992431640625,
      "peak_dT_above_bg_K": 1.7079716725587462,
      "theta_deg": 107.36402775111554,
      "centroid_px": [
        80.86199602352501,
        112.64150575180187
      ]
    },
    {
      "d_mm": 700,
      "mm_per_px": 0.9060921676911453,
      "sigma_x_mm": 238.17538342350258,
      "sigma_y_mm": 168.42586780413276,
      "fwhm_x_mm": 560.9030279623486,
      "fwhm_y_mm": 396.64291867873266,
      "peak_dT_K": 1.88800048828125,
      "peak_dT_above_bg_K": 1.0421242641739679,
      "theta_deg": 88.75037639193852,
      "centroid_px": [
        64.00000000000001,
        104.61989042291708
      ]
    }
  ],
  "derived_beam_model": {
    "profile_form": "dT(x,y;d) = peak(d) * exp(-0.5*((x/sigma_x(d))^2 + (y/sigma_y(d))^2))",
    "sigma_x_vs_d": {
      "slope_mm_per_mm": 0.3695121164977607,
      "intercept_mm": -24.662053649928197,
      "half_div_deg": 20.27988218648313,
      "virtual_source_d_mm": 66.74220559714082
    },
    "sigma_y_vs_d": {
      "slope_mm_per_mm": 0.21250943265211017,
      "intercept_mm": 24.896679343495837,
      "half_div_deg": 11.997416407753407,
      "virtual_source_d_mm": -117.15564355325861
    },
    "aspect_ratio_x_over_y_mean": 1.1896513249993603,
    "peak_vs_d_powerlaw": {
      "K_amp_K_mm_to_power": 361327.78341060056,
      "exponent": -1.956636102424661,
      "exponent_minus_2_residual": 0.04336389757533898
    }
  }
}